relcode,shortened_label,a_proj,z_proj,a_targ,z_targ,energy,cross_section,error_plus,error_minus,channel
180,(4)He+(208)Pb -> (212)Po,4,2,208,82,20.46,0.95,0.0,0.0,2n
180,(4)He+(208)Pb -> (212)Po,4,2,208,82,22.34,34.5,0.0,0.0,2n
180,(4)He+(208)Pb -> (212)Po,4,2,208,82,24.01,131.0,0.0,0.0,2n
180,(4)He+(208)Pb -> (212)Po,4,2,208,82,25.47,222.0,0.0,0.0,2n
180,(4)He+(208)Pb -> (212)Po,4,2,208,82,26.93,400.0,0.0,0.0,2n
180,(4)He+(208)Pb -> (212)Po,4,2,208,82,28.29,638.0,0.0,0.0,2n
180,(4)He+(208)Pb -> (212)Po,4,2,208,82,29.73,700.0,0.0,0.0,2n
180,(4)He+(208)Pb -> (212)Po,4,2,208,82,30.96,1150.0,0.0,0.0,2n
180,(4)He+(208)Pb -> (212)Po,4,2,208,82,31.38,1260.0,0.0,0.0,2n
